,date,state,fips,cases,deaths,month
1108,2020-03-22,South Dakota,46,21,1,3
1130,2020-03-23,Guam,66,29,1,3
1109,2020-03-22,Tennessee,47,424,2,3
1164,2020-03-23,Texas,48,728,7,3
1162,2020-03-23,South Dakota,46,28,1,3
1183,2020-03-24,Georgia,13,1095,38,3
1161,2020-03-23,South Carolina,45,299,5,3
1160,2020-03-23,Rhode Island,44,106,0,3
1159,2020-03-23,Puerto Rico,72,31,2,3
1158,2020-03-23,Pennsylvania,42,644,6,3
1157,2020-03-23,Oregon,41,191,5,3
1156,2020-03-23,Oklahoma,40,81,2,3
1155,2020-03-23,Ohio,39,444,6,3
1154,2020-03-23,North Dakota,38,32,0,3
1153,2020-03-23,North Carolina,37,302,0,3
1152,2020-03-23,New York,36,20899,183,3
1151,2020-03-23,New Mexico,35,83,0,3
1150,2020-03-23,New Jersey,34,2844,27,3
1149,2020-03-23,New Hampshire,33,101,1,3
1163,2020-03-23,Tennessee,47,522,2,3
1165,2020-03-23,Utah,49,257,1,3
1110,2020-03-22,Texas,48,639,7,3
1167,2020-03-23,Virgin Islands,78,17,0,3
1182,2020-03-24,Florida,12,1467,20,3
1181,2020-03-24,District of Columbia,11,137,2,3
1180,2020-03-24,Delaware,10,104,0,3
1179,2020-03-24,Connecticut,9,618,12,3
1178,2020-03-24,Colorado,8,912,11,3
1177,2020-03-24,California,6,2644,52,3
1176,2020-03-24,Arkansas,5,231,2,3
1175,2020-03-24,Arizona,4,326,6,3
1174,2020-03-24,Alaska,2,42,0,3
1173,2020-03-24,Alabama,1,242,0,3
1172,2020-03-23,Wyoming,56,28,0,3
1171,2020-03-23,Wisconsin,55,418,5,3
1170,2020-03-23,West Virginia,54,16,0,3
1169,2020-03-23,Washington,53,2101,110,3
1168,2020-03-23,Virginia,51,254,6,3
1148,2020-03-23,Nevada,32,265,4,3
1147,2020-03-23,Nebraska,31,73,0,3
1146,2020-03-23,Montana,30,45,0,3
1145,2020-03-23,Missouri,29,183,4,3
1125,2020-03-23,Connecticut,9,415,10,3
1124,2020-03-23,Colorado,8,721,10,3
1123,2020-03-23,California,6,2240,39,3
1122,2020-03-23,Arkansas,5,201,0,3
1121,2020-03-23,Arizona,4,234,2,3
1120,2020-03-23,Alaska,2,36,0,3
1119,2020-03-23,Alabama,1,196,0,3
1118,2020-03-22,Wyoming,56,26,0,3
1117,2020-03-22,Wisconsin,55,382,4,3
1116,2020-03-22,West Virginia,54,16,0,3
1115,2020-03-22,Washington,53,1844,97,3
1114,2020-03-22,Virginia,51,219,6,3
1113,2020-03-22,Virgin Islands,78,17,0,3
1112,2020-03-22,Vermont,50,52,2,3
1111,2020-03-22,Utah,49,182,1,3
1126,2020-03-23,Delaware,10,87,0,3
1127,2020-03-23,District of Columbia,11,116,2,3
1128,2020-03-23,Florida,12,1222,18,3
1138,2020-03-23,Louisiana,22,1172,34,3
1144,2020-03-23,Mississippi,28,249,1,3
1143,2020-03-23,Minnesota,27,235,1,3
1142,2020-03-23,Michigan,26,1324,16,3
1141,2020-03-23,Massachusetts,25,777,9,3
1140,2020-03-23,Maryland,24,290,3,3
1139,2020-03-23,Maine,23,107,0,3
1137,2020-03-23,Kentucky,21,124,3,3
1129,2020-03-23,Georgia,13,800,25,3
1136,2020-03-23,Kansas,20,82,2,3
1135,2020-03-23,Iowa,19,105,0,3
1134,2020-03-23,Indiana,18,264,12,3
1133,2020-03-23,Illinois,17,1285,12,3
1132,2020-03-23,Idaho,16,50,0,3
1131,2020-03-23,Hawaii,15,77,0,3
1166,2020-03-23,Vermont,50,75,2,3
1035,2020-03-21,Minnesota,27,138,1,3
1107,2020-03-22,South Carolina,45,194,3,3
1042,2020-03-21,New Jersey,34,1336,16,3
1011,2020-03-21,Alabama,1,131,0,3
1012,2020-03-21,Alaska,2,21,0,3
1013,2020-03-21,Arizona,4,104,1,3
1014,2020-03-21,Arkansas,5,118,0,3
1015,2020-03-21,California,6,1544,28,3
1016,2020-03-21,Colorado,8,475,6,3
1017,2020-03-21,Connecticut,9,223,5,3
1018,2020-03-21,Delaware,10,45,0,3
1019,2020-03-21,District of Columbia,11,77,1,3
1020,2020-03-21,Florida,12,764,11,3
1021,2020-03-21,Georgia,13,552,20,3
1022,2020-03-21,Guam,66,15,0,3
1023,2020-03-21,Hawaii,15,48,0,3
1024,2020-03-21,Idaho,16,42,0,3
1025,2020-03-21,Illinois,17,751,6,3
1026,2020-03-21,Indiana,18,128,6,3
1027,2020-03-21,Iowa,19,68,0,3
1028,2020-03-21,Kansas,20,57,2,3
1029,2020-03-21,Kentucky,21,84,3,3
1030,2020-03-21,Louisiana,22,763,16,3
1031,2020-03-21,Maine,23,70,0,3
1032,2020-03-21,Maryland,24,195,3,3
1033,2020-03-21,Massachusetts,25,525,2,3
1034,2020-03-21,Michigan,26,787,6,3
1036,2020-03-21,Mississippi,28,140,1,3
1037,2020-03-21,Missouri,29,93,3,3
1038,2020-03-21,Montana,30,29,0,3
1039,2020-03-21,Nebraska,31,61,0,3
1040,2020-03-21,Nevada,32,165,2,3
1010,2020-03-20,Wyoming,56,22,0,3
1009,2020-03-20,Wisconsin,55,216,3,3
1008,2020-03-20,West Virginia,54,8,0,3
992,2020-03-20,North Dakota,38,27,0,3
1185,2020-03-24,Hawaii,15,90,0,3
980,2020-03-20,Michigan,26,548,4,3
981,2020-03-20,Minnesota,27,115,0,3
982,2020-03-20,Mississippi,28,80,1,3
983,2020-03-20,Missouri,29,73,3,3
984,2020-03-20,Montana,30,19,0,3
985,2020-03-20,Nebraska,31,53,0,3
986,2020-03-20,Nevada,32,165,2,3
987,2020-03-20,New Hampshire,33,55,0,3
988,2020-03-20,New Jersey,34,896,11,3
989,2020-03-20,New Mexico,35,43,0,3
990,2020-03-20,New York,36,7113,68,3
991,2020-03-20,North Carolina,37,144,0,3
993,2020-03-20,Ohio,39,169,1,3
1007,2020-03-20,Washington,53,1404,83,3
994,2020-03-20,Oklahoma,40,49,1,3
995,2020-03-20,Oregon,41,114,3,3
996,2020-03-20,Pennsylvania,42,269,1,3
997,2020-03-20,Puerto Rico,72,14,0,3
998,2020-03-20,Rhode Island,44,44,0,3
999,2020-03-20,South Carolina,45,126,3,3
1000,2020-03-20,South Dakota,46,14,1,3
1001,2020-03-20,Tennessee,47,237,0,3
1002,2020-03-20,Texas,48,386,5,3
1003,2020-03-20,Utah,49,112,0,3
1004,2020-03-20,Vermont,50,29,2,3
1005,2020-03-20,Virgin Islands,78,6,0,3
1006,2020-03-20,Virginia,51,115,2,3
1041,2020-03-21,New Hampshire,33,65,0,3
1043,2020-03-21,New Mexico,35,57,0,3
1106,2020-03-22,Rhode Island,44,83,0,3
1044,2020-03-21,New York,36,10371,95,3
1077,2020-03-22,Hawaii,15,56,0,3
1078,2020-03-22,Idaho,16,47,0,3
1079,2020-03-22,Illinois,17,1047,9,3
1080,2020-03-22,Indiana,18,204,9,3
1081,2020-03-22,Iowa,19,90,0,3
1082,2020-03-22,Kansas,20,66,2,3
1083,2020-03-22,Kentucky,21,103,3,3
1084,2020-03-22,Louisiana,22,837,20,3
1085,2020-03-22,Maine,23,89,0,3
1086,2020-03-22,Maryland,24,245,3,3
1087,2020-03-22,Massachusetts,25,646,5,3
1088,2020-03-22,Michigan,26,1033,9,3
1089,2020-03-22,Minnesota,27,171,1,3
1090,2020-03-22,Mississippi,28,207,1,3
1091,2020-03-22,Missouri,29,130,3,3
1092,2020-03-22,Montana,30,34,0,3
1093,2020-03-22,Nebraska,31,62,0,3
1094,2020-03-22,Nevada,32,190,2,3
1095,2020-03-22,New Hampshire,33,78,0,3
1096,2020-03-22,New Jersey,34,1914,20,3
1097,2020-03-22,New Mexico,35,65,0,3
1098,2020-03-22,New York,36,15188,142,3
1099,2020-03-22,North Carolina,37,269,0,3
1100,2020-03-22,North Dakota,38,30,0,3
1101,2020-03-22,Ohio,39,351,3,3
1102,2020-03-22,Oklahoma,40,67,2,3
1103,2020-03-22,Oregon,41,161,5,3
1104,2020-03-22,Pennsylvania,42,504,3,3
1105,2020-03-22,Puerto Rico,72,23,1,3
1076,2020-03-22,Guam,66,27,1,3
1075,2020-03-22,Georgia,13,620,25,3
1074,2020-03-22,Florida,12,1000,13,3
1058,2020-03-21,Vermont,50,49,2,3
1045,2020-03-21,North Carolina,37,184,0,3
1046,2020-03-21,North Dakota,38,28,0,3
1047,2020-03-21,Ohio,39,247,3,3
1048,2020-03-21,Oklahoma,40,53,1,3
1049,2020-03-21,Oregon,41,137,4,3
1050,2020-03-21,Pennsylvania,42,388,2,3
1051,2020-03-21,Puerto Rico,72,21,1,3
1052,2020-03-21,Rhode Island,44,66,0,3
1053,2020-03-21,South Carolina,45,172,3,3
1054,2020-03-21,South Dakota,46,14,1,3
1055,2020-03-21,Tennessee,47,312,2,3
1056,2020-03-21,Texas,48,547,5,3
1057,2020-03-21,Utah,49,138,0,3
1059,2020-03-21,Virgin Islands,78,6,0,3
1073,2020-03-22,District of Columbia,11,98,1,3
1060,2020-03-21,Virginia,51,152,3,3
1061,2020-03-21,Washington,53,1655,95,3
1062,2020-03-21,West Virginia,54,12,0,3
1063,2020-03-21,Wisconsin,55,281,4,3
1064,2020-03-21,Wyoming,56,24,0,3
1065,2020-03-22,Alabama,1,157,0,3
1066,2020-03-22,Alaska,2,22,0,3
1067,2020-03-22,Arizona,4,153,2,3
1068,2020-03-22,Arkansas,5,165,0,3
1069,2020-03-22,California,6,1851,35,3
1070,2020-03-22,Colorado,8,591,7,3
1071,2020-03-22,Connecticut,9,327,8,3
1072,2020-03-22,Delaware,10,56,0,3
1184,2020-03-24,Guam,66,32,1,3
1355,2020-03-27,Maine,23,168,1,3
1186,2020-03-24,Idaho,16,73,0,3
1327,2020-03-26,Utah,49,402,1,3
1317,2020-03-26,Ohio,39,867,15,3
1318,2020-03-26,Oklahoma,40,248,7,3
1319,2020-03-26,Oregon,41,316,11,3
1320,2020-03-26,Pennsylvania,42,1690,16,3
1321,2020-03-26,Puerto Rico,72,64,2,3
1322,2020-03-26,Rhode Island,44,165,0,3
1323,2020-03-26,South Carolina,45,456,9,3
1324,2020-03-26,South Dakota,46,46,1,3
1325,2020-03-26,Tennessee,47,981,3,3
1326,2020-03-26,Texas,48,1542,21,3
1328,2020-03-26,Vermont,50,158,9,3
1315,2020-03-26,North Carolina,37,639,2,3
1329,2020-03-26,Virgin Islands,78,17,0,3
1330,2020-03-26,Virginia,51,603,14,3
1331,2020-03-26,Washington,53,3208,152,3
1332,2020-03-26,West Virginia,54,76,0,3
1333,2020-03-26,Wisconsin,55,754,10,3
1334,2020-03-26,Wyoming,56,56,0,3
1335,2020-03-27,Alabama,1,639,4,3
1336,2020-03-27,Alaska,2,85,1,3
1337,2020-03-27,Arizona,4,665,15,3
1338,2020-03-27,Arkansas,5,385,3,3
1316,2020-03-26,North Dakota,38,58,0,3
1314,2020-03-26,New York,36,39058,502,3
1340,2020-03-27,Colorado,8,1735,31,3
1301,2020-03-26,Maine,23,155,0,3
1291,2020-03-26,Georgia,13,1641,56,3
1292,2020-03-26,Guam,66,49,1,3
1293,2020-03-26,Hawaii,15,106,0,3
1294,2020-03-26,Idaho,16,189,3,3
1295,2020-03-26,Illinois,17,2538,26,3
1296,2020-03-26,Indiana,18,661,23,3
1297,2020-03-26,Iowa,19,179,1,3
1298,2020-03-26,Kansas,20,173,3,3
1299,2020-03-26,Kentucky,21,248,5,3
1300,2020-03-26,Louisiana,22,2305,83,3
1302,2020-03-26,Maryland,24,581,4,3
1313,2020-03-26,New Mexico,35,136,1,3
1303,2020-03-26,Massachusetts,25,2417,25,3
1304,2020-03-26,Michigan,26,2877,63,3
1305,2020-03-26,Minnesota,27,346,2,3
1306,2020-03-26,Mississippi,28,486,6,3
1307,2020-03-26,Missouri,29,508,8,3
1308,2020-03-26,Montana,30,90,0,3
1309,2020-03-26,Nebraska,31,91,0,3
1310,2020-03-26,Nevada,32,535,10,3
1311,2020-03-26,New Hampshire,33,158,1,3
1312,2020-03-26,New Jersey,34,6876,82,3
1339,2020-03-27,California,6,4915,104,3
1341,2020-03-27,Connecticut,9,1291,27,3
1187,2020-03-24,Illinois,17,1535,16,3
1379,2020-03-27,Tennessee,47,1180,6,3
1369,2020-03-27,North Carolina,37,784,3,3
1370,2020-03-27,North Dakota,38,68,1,3
1371,2020-03-27,Ohio,39,1144,22,3
1372,2020-03-27,Oklahoma,40,322,8,3
1373,2020-03-27,Oregon,41,415,12,3
1374,2020-03-27,Pennsylvania,42,2217,23,3
1375,2020-03-27,Puerto Rico,72,79,3,3
1376,2020-03-27,Rhode Island,44,203,0,3
1377,2020-03-27,South Carolina,45,542,13,3
1378,2020-03-27,South Dakota,46,58,1,3
1380,2020-03-27,Texas,48,1971,25,3
1367,2020-03-27,New Mexico,35,191,1,3
1381,2020-03-27,Utah,49,480,2,3
1382,2020-03-27,Vermont,50,184,10,3
1383,2020-03-27,Virgin Islands,78,19,0,3
1384,2020-03-27,Virginia,51,605,14,3
1385,2020-03-27,Washington,53,3770,179,3
1386,2020-03-27,West Virginia,54,96,0,3
1387,2020-03-27,Wisconsin,55,930,16,3
1388,2020-03-27,Wyoming,56,74,0,3
1389,2020-03-28,Alabama,1,720,4,3
1390,2020-03-28,Alaska,2,102,1,3
1368,2020-03-27,New York,36,44746,645,3
1366,2020-03-27,New Jersey,34,8825,108,3
1342,2020-03-27,Delaware,10,165,2,3
1353,2020-03-27,Kentucky,21,302,8,3
1343,2020-03-27,District of Columbia,11,267,3,3
1344,2020-03-27,Florida,12,3198,46,3
1345,2020-03-27,Georgia,13,2198,64,3
1346,2020-03-27,Guam,66,53,1,3
1347,2020-03-27,Hawaii,15,120,0,3
1348,2020-03-27,Idaho,16,232,4,3
1349,2020-03-27,Illinois,17,3029,37,3
1350,2020-03-27,Indiana,18,992,32,3
1351,2020-03-27,Iowa,19,236,3,3
1352,2020-03-27,Kansas,20,213,4,3
1354,2020-03-27,Louisiana,22,2746,119,3
1365,2020-03-27,New Hampshire,33,187,2,3
978,2020-03-20,Maryland,24,150,2,3
1356,2020-03-27,Maryland,24,790,5,3
1357,2020-03-27,Massachusetts,25,3240,35,3
1358,2020-03-27,Michigan,26,3655,93,3
1359,2020-03-27,Minnesota,27,398,4,3
1360,2020-03-27,Mississippi,28,579,8,3
1361,2020-03-27,Missouri,29,670,9,3
1362,2020-03-27,Montana,30,121,1,3
1363,2020-03-27,Nebraska,31,102,2,3
1364,2020-03-27,Nevada,32,621,10,3
1290,2020-03-26,Florida,12,2478,29,3
1289,2020-03-26,District of Columbia,11,231,3,3
1288,2020-03-26,Delaware,10,143,1,3
1224,2020-03-24,West Virginia,54,39,0,3
1214,2020-03-24,Rhode Island,44,124,0,3
1215,2020-03-24,South Carolina,45,342,8,3
1216,2020-03-24,South Dakota,46,30,1,3
1217,2020-03-24,Tennessee,47,678,2,3
1218,2020-03-24,Texas,48,857,11,3
1219,2020-03-24,Utah,49,299,1,3
1220,2020-03-24,Vermont,50,95,7,3
1221,2020-03-24,Virgin Islands,78,17,0,3
1222,2020-03-24,Virginia,51,291,7,3
1223,2020-03-24,Washington,53,2469,123,3
1225,2020-03-24,Wisconsin,55,481,5,3
1212,2020-03-24,Pennsylvania,42,851,8,3
1226,2020-03-24,Wyoming,56,37,0,3
1227,2020-03-25,Alabama,1,386,1,3
1228,2020-03-25,Alaska,2,59,0,3
1229,2020-03-25,Arizona,4,402,6,3
1230,2020-03-25,Arkansas,5,307,2,3
1231,2020-03-25,California,6,3183,68,3
1232,2020-03-25,Colorado,8,1086,19,3
1233,2020-03-25,Connecticut,9,875,19,3
1234,2020-03-25,Delaware,10,119,0,3
1235,2020-03-25,District of Columbia,11,183,2,3
1213,2020-03-24,Puerto Rico,72,39,2,3
1211,2020-03-24,Oregon,41,209,8,3
1287,2020-03-26,Connecticut,9,1012,21,3
1198,2020-03-24,Mississippi,28,320,1,3
1188,2020-03-24,Indiana,18,371,17,3
1189,2020-03-24,Iowa,19,124,1,3
1190,2020-03-24,Kansas,20,102,3,3
1191,2020-03-24,Kentucky,21,157,3,3
1192,2020-03-24,Louisiana,22,1388,46,3
1193,2020-03-24,Maine,23,118,0,3
1194,2020-03-24,Maryland,24,349,4,3
1195,2020-03-24,Massachusetts,25,1159,11,3
1196,2020-03-24,Michigan,26,1791,24,3
1197,2020-03-24,Minnesota,27,264,1,3
1199,2020-03-24,Missouri,29,255,5,3
1210,2020-03-24,Oklahoma,40,106,3,3
1200,2020-03-24,Montana,30,51,0,3
1201,2020-03-24,Nebraska,31,77,0,3
1202,2020-03-24,Nevada,32,315,6,3
1203,2020-03-24,New Hampshire,33,108,1,3
1204,2020-03-24,New Jersey,34,3675,44,3
1205,2020-03-24,New Mexico,35,100,0,3
1206,2020-03-24,New York,36,25704,264,3
1207,2020-03-24,North Carolina,37,397,0,3
1208,2020-03-24,North Dakota,38,37,0,3
1209,2020-03-24,Ohio,39,564,8,3
1236,2020-03-25,Florida,12,1971,23,3
1237,2020-03-25,Georgia,13,1385,47,3
1238,2020-03-25,Guam,66,32,1,3
1275,2020-03-25,Virgin Islands,78,17,0,3
1265,2020-03-25,Oregon,41,266,10,3
1266,2020-03-25,Pennsylvania,42,1151,12,3
1267,2020-03-25,Puerto Rico,72,51,2,3
1268,2020-03-25,Rhode Island,44,132,0,3
1269,2020-03-25,South Carolina,45,425,8,3
1270,2020-03-25,South Dakota,46,41,1,3
1271,2020-03-25,Tennessee,47,806,3,3
1272,2020-03-25,Texas,48,1132,13,3
1273,2020-03-25,Utah,49,346,1,3
1274,2020-03-25,Vermont,50,123,8,3
1276,2020-03-25,Virginia,51,390,9,3
1239,2020-03-25,Hawaii,15,95,0,3
1277,2020-03-25,Washington,53,2585,130,3
1278,2020-03-25,West Virginia,54,51,0,3
1279,2020-03-25,Wisconsin,55,623,7,3
1280,2020-03-25,Wyoming,56,49,0,3
1281,2020-03-26,Alabama,1,538,3,3
1282,2020-03-26,Alaska,2,69,0,3
1283,2020-03-26,Arizona,4,508,8,3
1284,2020-03-26,Arkansas,5,350,3,3
1285,2020-03-26,California,6,4060,83,3
1286,2020-03-26,Colorado,8,1432,24,3
1264,2020-03-25,Oklahoma,40,164,5,3
1263,2020-03-25,Ohio,39,707,11,3
1262,2020-03-25,North Dakota,38,45,0,3
1261,2020-03-25,North Carolina,37,562,1,3
1240,2020-03-25,Idaho,16,123,0,3
1241,2020-03-25,Illinois,17,1874,21,3
1242,2020-03-25,Indiana,18,484,19,3
1243,2020-03-25,Iowa,19,147,1,3
1244,2020-03-25,Kansas,20,134,3,3
1245,2020-03-25,Kentucky,21,198,5,3
1246,2020-03-25,Louisiana,22,1795,65,3
1247,2020-03-25,Maine,23,142,0,3
1248,2020-03-25,Maryland,24,423,4,3
1249,2020-03-25,Massachusetts,25,1838,15,3
1250,2020-03-25,Michigan,26,2293,43,3
1251,2020-03-25,Minnesota,27,289,1,3
1252,2020-03-25,Mississippi,28,376,5,3
1253,2020-03-25,Missouri,29,384,8,3
1254,2020-03-25,Montana,30,65,0,3
1255,2020-03-25,Nebraska,31,84,0,3
1256,2020-03-25,Nevada,32,405,10,3
1257,2020-03-25,New Hampshire,33,137,1,3
1258,2020-03-25,New Jersey,34,4402,62,3
1259,2020-03-25,New Mexico,35,113,1,3
1260,2020-03-25,New York,36,33117,381,3
979,2020-03-20,Massachusetts,25,413,1,3
733,2020-03-15,Tennessee,47,39,0,3
977,2020-03-20,Maine,23,57,0,3
705,2020-03-15,Iowa,19,22,0,3
695,2020-03-15,Connecticut,9,26,0,3
696,2020-03-15,Delaware,10,7,0,3
697,2020-03-15,District of Columbia,11,17,0,3
698,2020-03-15,Florida,12,109,3,3
699,2020-03-15,Georgia,13,97,1,3
700,2020-03-15,Guam,66,3,0,3
701,2020-03-15,Hawaii,15,7,0,3
702,2020-03-15,Idaho,16,5,0,3
703,2020-03-15,Illinois,17,94,0,3
704,2020-03-15,Indiana,18,19,0,3
706,2020-03-15,Kansas,20,9,1,3
693,2020-03-15,California,6,478,6,3
707,2020-03-15,Kentucky,21,21,0,3
708,2020-03-15,Louisiana,22,103,2,3
709,2020-03-15,Maine,23,12,0,3
710,2020-03-15,Maryland,24,32,0,3
711,2020-03-15,Massachusetts,25,164,0,3
712,2020-03-15,Michigan,26,53,0,3
713,2020-03-15,Minnesota,27,35,0,3
714,2020-03-15,Mississippi,28,10,0,3
715,2020-03-15,Missouri,29,5,0,3
716,2020-03-15,Montana,30,6,0,3
694,2020-03-15,Colorado,8,136,2,3
692,2020-03-15,Arkansas,5,16,0,3
718,2020-03-15,Nevada,32,26,0,3
679,2020-03-14,South Dakota,46,9,1,3
669,2020-03-14,New York,36,610,2,3
670,2020-03-14,North Carolina,37,25,0,3
671,2020-03-14,North Dakota,38,1,0,3
672,2020-03-14,Ohio,39,26,0,3
673,2020-03-14,Oklahoma,40,4,0,3
674,2020-03-14,Oregon,41,36,1,3
675,2020-03-14,Pennsylvania,42,47,0,3
676,2020-03-14,Puerto Rico,72,4,0,3
677,2020-03-14,Rhode Island,44,20,0,3
678,2020-03-14,South Carolina,45,19,0,3
680,2020-03-14,Tennessee,47,32,0,3
691,2020-03-15,Arizona,4,13,0,3
681,2020-03-14,Texas,48,69,0,3
682,2020-03-14,Utah,49,21,0,3
683,2020-03-14,Vermont,50,5,0,3
684,2020-03-14,Virgin Islands,78,1,0,3
685,2020-03-14,Virginia,51,42,1,3
686,2020-03-14,Washington,53,609,40,3
687,2020-03-14,Wisconsin,55,27,0,3
688,2020-03-14,Wyoming,56,3,0,3
689,2020-03-15,Alabama,1,23,0,3
690,2020-03-15,Alaska,2,1,0,3
717,2020-03-15,Nebraska,31,31,0,3
719,2020-03-15,New Hampshire,33,13,0,3
667,2020-03-14,New Jersey,34,75,2,3
757,2020-03-16,Indiana,18,24,1,3
747,2020-03-16,Colorado,8,161,2,3
748,2020-03-16,Connecticut,9,41,0,3
749,2020-03-16,Delaware,10,8,0,3
750,2020-03-16,District of Columbia,11,22,0,3
751,2020-03-16,Florida,12,141,4,3
752,2020-03-16,Georgia,13,118,1,3
753,2020-03-16,Guam,66,3,0,3
754,2020-03-16,Hawaii,15,10,0,3
755,2020-03-16,Idaho,16,5,0,3
756,2020-03-16,Illinois,17,104,0,3
758,2020-03-16,Iowa,19,22,0,3
745,2020-03-16,Arkansas,5,22,0,3
759,2020-03-16,Kansas,20,11,1,3
760,2020-03-16,Kentucky,21,22,1,3
761,2020-03-16,Louisiana,22,137,3,3
762,2020-03-16,Maine,23,17,0,3
763,2020-03-16,Maryland,24,39,0,3
764,2020-03-16,Massachusetts,25,197,0,3
765,2020-03-16,Michigan,26,54,0,3
766,2020-03-16,Minnesota,27,54,0,3
767,2020-03-16,Mississippi,28,12,0,3
768,2020-03-16,Missouri,29,9,0,3
746,2020-03-16,California,6,588,11,3
744,2020-03-16,Arizona,4,18,0,3
720,2020-03-15,New Jersey,34,98,2,3
731,2020-03-15,South Carolina,45,28,0,3
721,2020-03-15,New Mexico,35,17,0,3
722,2020-03-15,New York,36,732,6,3
723,2020-03-15,North Carolina,37,32,0,3
724,2020-03-15,North Dakota,38,1,0,3
725,2020-03-15,Ohio,39,37,0,3
726,2020-03-15,Oklahoma,40,8,0,3
727,2020-03-15,Oregon,41,39,1,3
728,2020-03-15,Pennsylvania,42,68,0,3
729,2020-03-15,Puerto Rico,72,5,0,3
730,2020-03-15,Rhode Island,44,20,0,3
732,2020-03-15,South Dakota,46,9,1,3
743,2020-03-16,Alaska,2,3,0,3
1392,2020-03-28,Arkansas,5,409,5,3
734,2020-03-15,Texas,48,80,0,3
735,2020-03-15,Utah,49,29,0,3
736,2020-03-15,Vermont,50,8,0,3
737,2020-03-15,Virgin Islands,78,1,0,3
738,2020-03-15,Virginia,51,45,1,3
739,2020-03-15,Washington,53,675,42,3
740,2020-03-15,Wisconsin,55,33,0,3
741,2020-03-15,Wyoming,56,3,0,3
742,2020-03-16,Alabama,1,29,0,3
668,2020-03-14,New Mexico,35,13,0,3
666,2020-03-14,New Hampshire,33,7,0,3
976,2020-03-20,Louisiana,22,537,10,3
601,2020-03-13,Iowa,19,17,0,3
591,2020-03-13,Colorado,8,78,2,3
592,2020-03-13,Connecticut,9,11,0,3
593,2020-03-13,Delaware,10,4,0,3
594,2020-03-13,District of Columbia,11,10,0,3
595,2020-03-13,Florida,12,70,2,3
596,2020-03-13,Georgia,13,41,1,3
597,2020-03-13,Hawaii,15,2,0,3
598,2020-03-13,Idaho,16,1,0,3
599,2020-03-13,Illinois,17,46,0,3
600,2020-03-13,Indiana,18,12,0,3
602,2020-03-13,Kansas,20,6,1,3
589,2020-03-13,Arkansas,5,7,0,3
603,2020-03-13,Kentucky,21,11,0,3
604,2020-03-13,Louisiana,22,36,0,3
605,2020-03-13,Maine,23,2,0,3
606,2020-03-13,Maryland,24,18,0,3
607,2020-03-13,Massachusetts,25,123,0,3
608,2020-03-13,Michigan,26,25,0,3
609,2020-03-13,Minnesota,27,14,0,3
610,2020-03-13,Mississippi,28,6,0,3
611,2020-03-13,Missouri,29,4,0,3
612,2020-03-13,Montana,30,4,0,3
590,2020-03-13,California,6,320,5,3
588,2020-03-13,Arizona,4,9,0,3
614,2020-03-13,Nevada,32,19,0,3
273,2020-03-03,Massachusetts,25,2,0,3
42,2020-03-02,Arizona,4,1,0,3
43,2020-03-02,California,6,6,0,3
44,2020-03-02,Illinois,17,2,0,3
45,2020-03-02,Massachusetts,25,1,0,3
46,2020-03-02,Washington,53,1,0,3
268,2020-03-03,Arizona,4,2,0,3
269,2020-03-03,California,6,45,0,3
270,2020-03-03,Florida,12,3,0,3
271,2020-03-03,Georgia,13,2,0,3
272,2020-03-03,Illinois,17,4,0,3
274,2020-03-03,Nebraska,31,13,0,3
587,2020-03-13,Alaska,2,1,0,3
275,2020-03-03,New Hampshire,33,2,0,3
276,2020-03-03,New York,36,2,0,3
277,2020-03-03,North Carolina,37,1,0,3
278,2020-03-03,Oregon,41,2,0,3
279,2020-03-03,Rhode Island,44,2,0,3
280,2020-03-03,Texas,48,11,0,3
281,2020-03-03,Utah,49,1,0,3
282,2020-03-03,Washington,53,32,10,3
283,2020-03-03,Wisconsin,55,1,0,3
586,2020-03-13,Alabama,1,6,0,3
613,2020-03-13,Nebraska,31,27,0,3
615,2020-03-13,New Hampshire,33,7,0,3
665,2020-03-14,Nevada,32,21,0,3
653,2020-03-14,Kansas,20,8,1,3
643,2020-03-14,Connecticut,9,20,0,3
644,2020-03-14,Delaware,10,4,0,3
645,2020-03-14,District of Columbia,11,16,0,3
646,2020-03-14,Florida,12,70,3,3
647,2020-03-14,Georgia,13,65,1,3
648,2020-03-14,Hawaii,15,4,0,3
649,2020-03-14,Idaho,16,5,0,3
650,2020-03-14,Illinois,17,66,0,3
651,2020-03-14,Indiana,18,15,0,3
652,2020-03-14,Iowa,19,18,0,3
654,2020-03-14,Kentucky,21,18,0,3
641,2020-03-14,California,6,381,5,3
655,2020-03-14,Louisiana,22,77,1,3
656,2020-03-14,Maine,23,3,0,3
657,2020-03-14,Maryland,24,27,0,3
658,2020-03-14,Massachusetts,25,138,0,3
659,2020-03-14,Michigan,26,33,0,3
660,2020-03-14,Minnesota,27,21,0,3
661,2020-03-14,Mississippi,28,6,0,3
662,2020-03-14,Missouri,29,5,0,3
663,2020-03-14,Montana,30,6,0,3
664,2020-03-14,Nebraska,31,29,0,3
642,2020-03-14,Colorado,8,103,2,3
640,2020-03-14,Arkansas,5,9,0,3
616,2020-03-13,New Jersey,34,50,1,3
627,2020-03-13,South Carolina,45,13,0,3
617,2020-03-13,New Mexico,35,10,0,3
618,2020-03-13,New York,36,421,0,3
619,2020-03-13,North Carolina,37,18,0,3
620,2020-03-13,North Dakota,38,1,0,3
621,2020-03-13,Ohio,39,13,0,3
622,2020-03-13,Oklahoma,40,3,0,3
623,2020-03-13,Oregon,41,30,0,3
624,2020-03-13,Pennsylvania,42,41,0,3
625,2020-03-13,Puerto Rico,72,3,0,3
626,2020-03-13,Rhode Island,44,20,0,3
628,2020-03-13,South Dakota,46,9,1,3
639,2020-03-14,Arizona,4,12,0,3
629,2020-03-13,Tennessee,47,26,0,3
630,2020-03-13,Texas,48,58,0,3
631,2020-03-13,Utah,49,7,0,3
632,2020-03-13,Vermont,50,2,0,3
633,2020-03-13,Virginia,51,30,0,3
634,2020-03-13,Washington,53,511,37,3
635,2020-03-13,Wisconsin,55,19,0,3
636,2020-03-13,Wyoming,56,2,0,3
637,2020-03-14,Alabama,1,12,0,3
638,2020-03-14,Alaska,2,1,0,3
769,2020-03-16,Montana,30,8,0,3
770,2020-03-16,Nebraska,31,33,0,3
771,2020-03-16,Nevada,32,45,1,3
912,2020-03-19,Florida,12,434,8,3
902,2020-03-18,Wyoming,56,17,0,3
903,2020-03-19,Alabama,1,78,0,3
904,2020-03-19,Alaska,2,12,0,3
905,2020-03-19,Arizona,4,47,0,3
906,2020-03-19,Arkansas,5,62,0,3
907,2020-03-19,California,6,1067,19,3
908,2020-03-19,Colorado,8,278,5,3
909,2020-03-19,Connecticut,9,159,4,3
910,2020-03-19,Delaware,10,30,0,3
911,2020-03-19,District of Columbia,11,39,0,3
913,2020-03-19,Georgia,13,282,10,3
900,2020-03-18,West Virginia,54,2,0,3
914,2020-03-19,Guam,66,12,0,3
915,2020-03-19,Hawaii,15,26,0,3
916,2020-03-19,Idaho,16,23,0,3
917,2020-03-19,Illinois,17,420,4,3
918,2020-03-19,Indiana,18,56,2,3
919,2020-03-19,Iowa,19,44,0,3
920,2020-03-19,Kansas,20,35,1,3
921,2020-03-19,Kentucky,21,47,2,3
922,2020-03-19,Louisiana,22,392,10,3
923,2020-03-19,Maine,23,52,0,3
901,2020-03-18,Wisconsin,55,106,0,3
899,2020-03-18,Washington,53,1026,68,3
925,2020-03-19,Massachusetts,25,328,0,3
886,2020-03-18,Oklahoma,40,29,0,3
876,2020-03-18,Montana,30,12,0,3
877,2020-03-18,Nebraska,31,43,0,3
878,2020-03-18,Nevada,32,82,1,3
879,2020-03-18,New Hampshire,33,39,0,3
880,2020-03-18,New Jersey,34,427,5,3
881,2020-03-18,New Mexico,35,28,0,3
882,2020-03-18,New York,36,2387,32,3
883,2020-03-18,North Carolina,37,66,0,3
884,2020-03-18,North Dakota,38,7,0,3
885,2020-03-18,Ohio,39,90,0,3
887,2020-03-18,Oregon,41,74,3,3
898,2020-03-18,Virginia,51,78,2,3
888,2020-03-18,Pennsylvania,42,139,1,3
889,2020-03-18,Puerto Rico,72,5,0,3
890,2020-03-18,Rhode Island,44,33,0,3
891,2020-03-18,South Carolina,45,60,1,3
892,2020-03-18,South Dakota,46,11,1,3
893,2020-03-18,Tennessee,47,98,0,3
894,2020-03-18,Texas,48,166,2,3
895,2020-03-18,Utah,49,65,0,3
896,2020-03-18,Vermont,50,19,0,3
897,2020-03-18,Virgin Islands,78,3,0,3
924,2020-03-19,Maryland,24,108,1,3
926,2020-03-19,Michigan,26,334,3,3
772,2020-03-16,New Hampshire,33,17,0,3
964,2020-03-20,Delaware,10,39,0,3
954,2020-03-19,West Virginia,54,5,0,3
955,2020-03-19,Wisconsin,55,155,2,3
956,2020-03-19,Wyoming,56,18,0,3
957,2020-03-20,Alabama,1,106,0,3
958,2020-03-20,Alaska,2,14,0,3
959,2020-03-20,Arizona,4,70,1,3
960,2020-03-20,Arkansas,5,100,0,3
961,2020-03-20,California,6,1283,24,3
962,2020-03-20,Colorado,8,364,5,3
963,2020-03-20,Connecticut,9,194,4,3
965,2020-03-20,District of Columbia,11,71,0,3
952,2020-03-19,Virginia,51,94,2,3
966,2020-03-20,Florida,12,564,9,3
967,2020-03-20,Georgia,13,482,14,3
968,2020-03-20,Guam,66,14,0,3
969,2020-03-20,Hawaii,15,37,0,3
970,2020-03-20,Idaho,16,31,0,3
971,2020-03-20,Illinois,17,583,5,3
972,2020-03-20,Indiana,18,81,5,3
973,2020-03-20,Iowa,19,45,0,3
974,2020-03-20,Kansas,20,49,1,3
975,2020-03-20,Kentucky,21,63,2,3
953,2020-03-19,Washington,53,1228,75,3
951,2020-03-19,Virgin Islands,78,3,0,3
927,2020-03-19,Minnesota,27,89,0,3
938,2020-03-19,North Dakota,38,19,0,3
928,2020-03-19,Mississippi,28,50,1,3
929,2020-03-19,Missouri,29,35,1,3
930,2020-03-19,Montana,30,19,0,3
931,2020-03-19,Nebraska,31,47,0,3
932,2020-03-19,Nevada,32,99,1,3
933,2020-03-19,New Hampshire,33,44,0,3
934,2020-03-19,New Jersey,34,735,9,3
935,2020-03-19,New Mexico,35,35,0,3
936,2020-03-19,New York,36,4161,39,3
937,2020-03-19,North Carolina,37,104,0,3
939,2020-03-19,Ohio,39,120,0,3
950,2020-03-19,Vermont,50,22,2,3
940,2020-03-19,Oklahoma,40,44,1,3
941,2020-03-19,Oregon,41,87,3,3
942,2020-03-19,Pennsylvania,42,187,1,3
943,2020-03-19,Puerto Rico,72,6,0,3
944,2020-03-19,Rhode Island,44,44,0,3
945,2020-03-19,South Carolina,45,81,1,3
946,2020-03-19,South Dakota,46,14,1,3
947,2020-03-19,Tennessee,47,155,0,3
948,2020-03-19,Texas,48,248,4,3
949,2020-03-19,Utah,49,80,0,3
875,2020-03-18,Missouri,29,21,1,3
874,2020-03-18,Mississippi,28,34,0,3
873,2020-03-18,Minnesota,27,77,0,3
809,2020-03-17,Illinois,17,159,1,3
799,2020-03-17,California,6,732,14,3
800,2020-03-17,Colorado,8,183,3,3
801,2020-03-17,Connecticut,9,68,0,3
802,2020-03-17,Delaware,10,16,0,3
803,2020-03-17,District of Columbia,11,31,0,3
804,2020-03-17,Florida,12,210,6,3
805,2020-03-17,Georgia,13,142,1,3
806,2020-03-17,Guam,66,3,0,3
807,2020-03-17,Hawaii,15,14,0,3
808,2020-03-17,Idaho,16,9,0,3
810,2020-03-17,Indiana,18,30,2,3
797,2020-03-17,Arizona,4,20,0,3
811,2020-03-17,Iowa,19,29,0,3
812,2020-03-17,Kansas,20,17,1,3
813,2020-03-17,Kentucky,21,26,1,3
814,2020-03-17,Louisiana,22,196,5,3
815,2020-03-17,Maine,23,32,0,3
816,2020-03-17,Maryland,24,57,0,3
817,2020-03-17,Massachusetts,25,218,0,3
818,2020-03-17,Michigan,26,65,0,3
819,2020-03-17,Minnesota,27,60,0,3
820,2020-03-17,Mississippi,28,21,0,3
798,2020-03-17,Arkansas,5,22,0,3
796,2020-03-17,Alaska,2,6,0,3
872,2020-03-18,Michigan,26,80,1,3
783,2020-03-16,Rhode Island,44,21,0,3
773,2020-03-16,New Jersey,34,176,3,3
774,2020-03-16,New Mexico,35,21,0,3
775,2020-03-16,New York,36,950,10,3
776,2020-03-16,North Carolina,37,34,0,3
777,2020-03-16,North Dakota,38,1,0,3
778,2020-03-16,Ohio,39,50,0,3
779,2020-03-16,Oklahoma,40,10,0,3
780,2020-03-16,Oregon,41,46,1,3
781,2020-03-16,Pennsylvania,42,81,0,3
782,2020-03-16,Puerto Rico,72,5,0,3
784,2020-03-16,South Carolina,45,33,1,3
795,2020-03-17,Alabama,1,39,0,3
785,2020-03-16,South Dakota,46,10,1,3
786,2020-03-16,Tennessee,47,52,0,3
787,2020-03-16,Texas,48,87,1,3
788,2020-03-16,Utah,49,40,0,3
789,2020-03-16,Vermont,50,12,0,3
790,2020-03-16,Virgin Islands,78,2,0,3
791,2020-03-16,Virginia,51,51,1,3
792,2020-03-16,Washington,53,794,48,3
793,2020-03-16,Wisconsin,55,47,0,3
794,2020-03-16,Wyoming,56,10,0,3
821,2020-03-17,Missouri,29,16,0,3
822,2020-03-17,Montana,30,8,0,3
823,2020-03-17,Nebraska,31,36,0,3
860,2020-03-18,Guam,66,8,0,3
850,2020-03-18,Alaska,2,9,0,3
851,2020-03-18,Arizona,4,28,0,3
852,2020-03-18,Arkansas,5,33,0,3
853,2020-03-18,California,6,893,17,3
854,2020-03-18,Colorado,8,216,3,3
855,2020-03-18,Connecticut,9,96,1,3
856,2020-03-18,Delaware,10,26,0,3
857,2020-03-18,District of Columbia,11,36,0,3
858,2020-03-18,Florida,12,326,7,3
859,2020-03-18,Georgia,13,193,3,3
861,2020-03-18,Hawaii,15,16,0,3
824,2020-03-17,Nevada,32,55,1,3
862,2020-03-18,Idaho,16,11,0,3
863,2020-03-18,Illinois,17,286,1,3
864,2020-03-18,Indiana,18,39,2,3
865,2020-03-18,Iowa,19,38,0,3
866,2020-03-18,Kansas,20,22,1,3
867,2020-03-18,Kentucky,21,35,1,3
868,2020-03-18,Louisiana,22,280,7,3
869,2020-03-18,Maine,23,43,0,3
870,2020-03-18,Maryland,24,85,1,3
871,2020-03-18,Massachusetts,25,256,0,3
849,2020-03-18,Alabama,1,51,0,3
848,2020-03-17,Wyoming,56,15,0,3
847,2020-03-17,Wisconsin,55,72,0,3
846,2020-03-17,West Virginia,54,1,0,3
825,2020-03-17,New Hampshire,33,26,0,3
826,2020-03-17,New Jersey,34,268,3,3
827,2020-03-17,New Mexico,35,23,0,3
828,2020-03-17,New York,36,1375,18,3
829,2020-03-17,North Carolina,37,42,0,3
830,2020-03-17,North Dakota,38,5,0,3
831,2020-03-17,Ohio,39,67,0,3
832,2020-03-17,Oklahoma,40,18,0,3
833,2020-03-17,Oregon,41,66,2,3
834,2020-03-17,Pennsylvania,42,101,0,3
835,2020-03-17,Puerto Rico,72,5,0,3
836,2020-03-17,Rhode Island,44,23,0,3
837,2020-03-17,South Carolina,45,47,1,3
838,2020-03-17,South Dakota,46,11,1,3
839,2020-03-17,Tennessee,47,73,0,3
840,2020-03-17,Texas,48,106,1,3
841,2020-03-17,Utah,49,51,0,3
842,2020-03-17,Vermont,50,14,0,3
843,2020-03-17,Virgin Islands,78,2,0,3
844,2020-03-17,Virginia,51,67,2,3
845,2020-03-17,Washington,53,908,54,3
1391,2020-03-28,Arizona,4,773,15,3
1509,2020-03-30,Georgia,13,3032,103,3
1393,2020-03-28,California,6,5566,122,3
3383,2020-03-05,Illinois,17,61499,2632,3
3394,2020-03-05,Mississippi,28,7550,303,3
3393,2020-03-05,Minnesota,27,6663,419,3
3392,2020-03-05,Michigan,26,43803,4049,3
3391,2020-03-05,Massachusetts,25,68087,4004,3
3390,2020-03-05,Maryland,24,25561,1281,3
3389,2020-03-05,Maine,23,1185,57,3
3388,2020-03-05,Louisiana,22,29383,2012,3
3387,2020-03-05,Kentucky,21,5223,256,3
3386,2020-03-05,Kansas,20,5177,142,3
3385,2020-03-05,Iowa,19,9169,184,3
3384,2020-03-05,Indiana,18,20267,1246,3
3382,2020-03-05,Idaho,16,2059,64,3
3396,2020-03-05,Montana,30,454,16,3
3381,2020-03-05,Hawaii,15,611,17,3
3380,2020-03-05,Guam,66,1118,6,3
3379,2020-03-05,Georgia,13,27618,1168,3
3378,2020-03-05,Florida,12,36070,1378,3
3377,2020-03-05,District of Columbia,11,5016,251,3
3376,2020-03-05,Delaware,10,5208,177,3
3375,2020-03-05,Connecticut,9,29287,2436,3
3374,2020-03-05,Colorado,8,16527,840,3
3373,2020-03-05,California,6,55072,2235,3
3372,2020-03-05,Arkansas,5,3431,76,3
3371,2020-03-05,Arizona,4,8640,362,3
3395,2020-03-05,Missouri,29,8454,378,3
3397,2020-03-05,Nebraska,31,5686,77,3
6778,2020-03-07,Wyoming,56,1582,20,3
3411,2020-03-05,Rhode Island,44,9477,320,3
3422,2020-03-05,Wisconsin,55,7964,339,3
3421,2020-03-05,West Virginia,54,1196,50,3
3420,2020-03-05,Washington,53,15943,840,3
3419,2020-03-05,Virginia,51,18671,660,3
3418,2020-03-05,Virgin Islands,78,66,4,3
3417,2020-03-05,Vermont,50,897,52,3
3416,2020-03-05,Utah,49,5175,50,3
3415,2020-03-05,Texas,48,32299,890,3
3414,2020-03-05,Tennessee,47,12871,211,3
3413,2020-03-05,South Dakota,46,2630,21,3
3412,2020-03-05,South Carolina,45,6626,275,3
3410,2020-03-05,Puerto Rico,72,1806,97,3
3398,2020-03-05,Nevada,32,5473,262,3
3409,2020-03-05,Pennsylvania,42,52079,2843,3
3408,2020-03-05,Oregon,41,2680,109,3
3407,2020-03-05,Oklahoma,40,3972,238,3
3406,2020-03-05,Ohio,39,19914,1038,3
3405,2020-03-05,Northern Mariana Islands,69,14,2,3
3404,2020-03-05,North Dakota,38,1191,25,3
3403,2020-03-05,North Carolina,37,11668,436,3
3402,2020-03-05,New York,36,321833,24576,3
3401,2020-03-05,New Mexico,35,3850,151,3
3400,2020-03-05,New Jersey,34,126744,7871,3
3399,2020-03-05,New Hampshire,33,2518,86,3
3370,2020-03-05,Alaska,2,366,7,3
3369,2020-03-05,Alabama,1,7888,290,3
6724,2020-03-07,Alabama,1,41865,1006,3
6764,2020-03-07,Pennsylvania,42,93418,6790,3
6753,2020-03-07,Nevada,32,20878,530,3
6754,2020-03-07,New Hampshire,33,5857,376,3
6755,2020-03-07,New Jersey,34,174598,15164,3
6756,2020-03-07,New Mexico,35,12776,511,3
6757,2020-03-07,New York,36,400561,31836,3
6758,2020-03-07,North Carolina,37,70447,1413,3
6759,2020-03-07,North Dakota,38,3731,89,3
6760,2020-03-07,Northern Mariana Islands,69,31,2,3
6761,2020-03-07,Ohio,39,55257,2903,3
6762,2020-03-07,Oklahoma,40,15065,398,3
6763,2020-03-07,Oregon,41,9643,215,3
6765,2020-03-07,Puerto Rico,72,7683,154,3
6725,2020-03-07,Alaska,2,1284,13,3
6766,2020-03-07,Rhode Island,44,16991,960,3
6767,2020-03-07,South Carolina,45,41532,793,3
6768,2020-03-07,South Dakota,46,6978,97,3
6769,2020-03-07,Tennessee,47,47882,626,3
6770,2020-03-07,Texas,48,189418,2608,3
6771,2020-03-07,Utah,49,24070,181,3
6772,2020-03-07,Vermont,50,1236,56,3
6773,2020-03-07,Virgin Islands,78,111,6,3
6774,2020-03-07,Virginia,51,64393,1845,3
6775,2020-03-07,Washington,53,36417,1353,3
6776,2020-03-07,West Virginia,54,3126,93,3
6752,2020-03-07,Nebraska,31,19660,285,3
6751,2020-03-07,Montana,30,1128,23,3
6750,2020-03-07,Missouri,29,23620,1060,3
6749,2020-03-07,Mississippi,28,29684,1103,3
6726,2020-03-07,Arizona,4,91894,1802,3
6727,2020-03-07,Arkansas,5,22622,281,3
6728,2020-03-07,California,6,256298,6315,3
6729,2020-03-07,Colorado,8,33607,1701,3
6730,2020-03-07,Connecticut,9,46717,4335,3
6731,2020-03-07,Delaware,10,11923,512,3
6732,2020-03-07,District of Columbia,11,10435,555,3
6733,2020-03-07,Florida,12,178586,3683,3
6734,2020-03-07,Georgia,13,85079,2808,3
6735,2020-03-07,Guam,66,1255,6,3
6736,2020-03-07,Hawaii,15,957,19,3
6737,2020-03-07,Idaho,16,7034,94,3
6738,2020-03-07,Illinois,17,147293,7222,3
6739,2020-03-07,Indiana,18,48099,2682,3
6740,2020-03-07,Iowa,19,30631,721,3
6741,2020-03-07,Kansas,20,16015,283,3
6742,2020-03-07,Kentucky,21,16655,608,3
5080,2020-03-06,Connecticut,9,43091,3989,3
6744,2020-03-07,Maine,23,3373,105,3
6745,2020-03-07,Maryland,24,69422,3223,3
6746,2020-03-07,Massachusetts,25,109628,8149,3
6747,2020-03-07,Michigan,26,72306,6219,3
6748,2020-03-07,Minnesota,27,37661,1503,3
3423,2020-03-05,Wyoming,56,586,7,3
5128,2020-03-06,Wyoming,56,915,17,3
5127,2020-03-06,Wisconsin,55,19614,618,3
5114,2020-03-06,Pennsylvania,42,77871,5742,3
5103,2020-03-06,Nevada,32,8950,429,3
5104,2020-03-06,New Hampshire,33,4795,265,3
5105,2020-03-06,New Jersey,34,162068,11880,3
5106,2020-03-06,New Mexico,35,8140,375,3
5107,2020-03-06,New York,36,378924,29918,3
5108,2020-03-06,North Carolina,37,31013,971,3
5109,2020-03-06,North Dakota,38,2682,69,3
5110,2020-03-06,Northern Mariana Islands,69,24,2,3
5111,2020-03-06,Ohio,39,36792,2299,3
5112,2020-03-06,Oklahoma,40,6805,341,3
5113,2020-03-06,Oregon,41,4399,159,3
5115,2020-03-06,Puerto Rico,72,4023,140,3
1769,2020-03-04,Virginia,51,2011,46,3
5116,2020-03-06,Rhode Island,44,15219,742,3
5117,2020-03-06,South Carolina,45,12651,518,3
5118,2020-03-06,South Dakota,46,5161,62,3
5119,2020-03-06,Tennessee,47,25024,386,3
5120,2020-03-06,Texas,48,69546,1766,3
5121,2020-03-06,Utah,49,10558,117,3
5122,2020-03-06,Vermont,50,990,55,3
5123,2020-03-06,Virgin Islands,78,71,6,3
1773,2020-03-04,Wyoming,56,167,0,3
1772,2020-03-04,Wisconsin,55,1916,50,3
1771,2020-03-04,West Virginia,54,242,2,3
5102,2020-03-06,Nebraska,31,14866,189,3
5101,2020-03-06,Montana,30,525,17,3
5100,2020-03-06,Missouri,29,14020,801,3
5099,2020-03-06,Mississippi,28,16322,782,3
5078,2020-03-06,California,6,120407,4422,3
5077,2020-03-06,Arkansas,5,8067,142,3
5076,2020-03-06,Arizona,4,22245,983,3
5075,2020-03-06,Alaska,2,516,8,3
5074,2020-03-06,Alabama,1,18851,653,3
5081,2020-03-06,Delaware,10,9712,375,3
5082,2020-03-06,District of Columbia,11,9016,473,3
5083,2020-03-06,Florida,12,58756,2565,3
5084,2020-03-06,Georgia,13,46711,2092,3
5085,2020-03-06,Guam,66,1146,6,3
5086,2020-03-06,Hawaii,15,643,17,3
5087,2020-03-06,Idaho,16,2990,83,3
5088,2020-03-06,Illinois,17,124279,5665,3
5089,2020-03-06,Indiana,18,36609,2207,3
5090,2020-03-06,Iowa,19,20376,574,3
5091,2020-03-06,Kansas,20,10281,227,3
5092,2020-03-06,Kentucky,21,10485,458,3
5093,2020-03-06,Louisiana,22,41244,2870,3
5094,2020-03-06,Maine,23,2418,95,3
5095,2020-03-06,Maryland,24,55617,2641,3
5096,2020-03-06,Massachusetts,25,101592,7152,3
5097,2020-03-06,Michigan,26,58990,5579,3
5098,2020-03-06,Minnesota,27,25881,1097,3
1770,2020-03-04,Washington,53,6967,293,3
1768,2020-03-04,Virgin Islands,78,38,0,3
5126,2020-03-06,West Virginia,54,2077,78,3
1728,2020-03-04,Florida,12,10260,169,3
1739,2020-03-04,Maine,23,432,9,3
1738,2020-03-04,Louisiana,22,10299,370,3
1737,2020-03-04,Kentucky,21,762,34,3
1736,2020-03-04,Kansas,20,625,19,3
1735,2020-03-04,Iowa,19,699,11,3
1734,2020-03-04,Indiana,18,3455,118,3
1733,2020-03-04,Illinois,17,8904,212,3
1732,2020-03-04,Idaho,16,1012,10,3
1731,2020-03-04,Hawaii,15,317,3,3
1730,2020-03-04,Guam,66,154,4,3
1729,2020-03-04,Georgia,13,5967,198,3
1727,2020-03-04,District of Columbia,11,757,15,3
1767,2020-03-04,Vermont,50,389,17,3
1726,2020-03-04,Delaware,10,450,14,3
1725,2020-03-04,Connecticut,9,4915,132,3
1724,2020-03-04,Colorado,8,4182,110,3
1723,2020-03-04,California,6,12569,282,3
1722,2020-03-04,Arkansas,5,738,12,3
1721,2020-03-04,Arizona,4,1769,41,3
1720,2020-03-04,Alaska,2,156,2,3
1719,2020-03-04,Alabama,1,1535,38,3
5124,2020-03-06,Virginia,51,46905,1428,3
5125,2020-03-06,Washington,53,23776,1145,3
1394,2020-03-28,Colorado,8,2061,44,3
1740,2020-03-04,Maryland,24,2758,42,3
1741,2020-03-04,Massachusetts,25,10402,192,3
1742,2020-03-04,Michigan,26,12669,478,3
1743,2020-03-04,Minnesota,27,789,22,3
1766,2020-03-04,Utah,49,1248,7,3
1765,2020-03-04,Texas,48,5773,98,3
1764,2020-03-04,Tennessee,47,3032,38,3
1763,2020-03-04,South Dakota,46,187,2,3
1762,2020-03-04,South Carolina,45,1700,34,3
1761,2020-03-04,Rhode Island,44,711,14,3
1760,2020-03-04,Puerto Rico,72,378,15,3
1759,2020-03-04,Pennsylvania,42,8420,102,3
1758,2020-03-04,Oregon,41,899,22,3
1757,2020-03-04,Oklahoma,40,989,38,3
1756,2020-03-04,Ohio,39,3312,91,3
1755,2020-03-04,Northern Mariana Islands,69,8,1,3
1754,2020-03-04,North Dakota,38,173,3,3
1753,2020-03-04,North Carolina,37,2093,23,3
1752,2020-03-04,New York,36,103689,3716,3
1751,2020-03-04,New Mexico,35,495,10,3
1750,2020-03-04,New Jersey,34,29895,647,3
1749,2020-03-04,New Hampshire,33,540,7,3
1748,2020-03-04,Nevada,32,1549,43,3
1747,2020-03-04,Nebraska,31,297,6,3
1746,2020-03-04,Montana,30,262,5,3
1745,2020-03-04,Missouri,29,2113,36,3
1744,2020-03-04,Mississippi,28,1358,29,3
6777,2020-03-07,Wisconsin,55,33565,804,3
6743,2020-03-07,Louisiana,22,63397,3278,3
5079,2020-03-06,Colorado,8,27046,1494,3
1480,2020-03-29,Northern Mariana Islands,69,2,0,3
1482,2020-03-29,Oklahoma,40,429,16,3
1483,2020-03-29,Oregon,41,549,13,3
1484,2020-03-29,Pennsylvania,42,3441,40,3
1485,2020-03-29,Puerto Rico,72,127,5,3
1486,2020-03-29,Rhode Island,44,294,3,3
1487,2020-03-29,South Carolina,45,775,16,3
1488,2020-03-29,South Dakota,46,90,1,3
1489,2020-03-29,Tennessee,47,1569,7,3
1490,2020-03-29,Texas,48,2722,35,3
1491,2020-03-29,Utah,49,719,2,3
1492,2020-03-29,Vermont,50,235,12,3
1493,2020-03-29,Virgin Islands,78,23,0,3
1494,2020-03-29,Virginia,51,889,22,3
1495,2020-03-29,Washington,53,4897,209,3
1496,2020-03-29,West Virginia,54,124,1,3
1497,2020-03-29,Wisconsin,55,1120,17,3
1498,2020-03-29,Wyoming,56,88,0,3
1499,2020-03-30,Alabama,1,947,11,3
1500,2020-03-30,Alaska,2,120,2,3
1501,2020-03-30,Arizona,4,1169,20,3
1502,2020-03-30,Arkansas,5,508,7,3
1503,2020-03-30,California,6,7421,147,3
1504,2020-03-30,Colorado,8,2628,51,3
1481,2020-03-29,Ohio,39,1665,30,3
1479,2020-03-29,North Dakota,38,97,1,3
1506,2020-03-30,Delaware,10,264,7,3
1478,2020-03-29,North Carolina,37,1166,6,3
1572,2020-03-31,Kentucky,21,590,18,3
1571,2020-03-31,Kansas,20,435,10,3
1570,2020-03-31,Iowa,19,498,7,3
1569,2020-03-31,Indiana,18,2177,61,3
1568,2020-03-31,Illinois,17,5992,107,3
1567,2020-03-31,Idaho,16,526,9,3
1566,2020-03-31,Hawaii,15,224,1,3
1565,2020-03-31,Guam,66,139,2,3
1564,2020-03-31,Georgia,13,4116,126,3
1562,2020-03-31,District of Columbia,11,495,9,3
1561,2020-03-31,Delaware,10,319,10,3
1560,2020-03-31,Connecticut,9,3128,69,3
1467,2020-03-29,Michigan,26,5486,132,3
1468,2020-03-29,Minnesota,27,504,9,3
1469,2020-03-29,Mississippi,28,759,14,3
1470,2020-03-29,Missouri,29,902,12,3
1471,2020-03-29,Montana,30,161,1,3
1472,2020-03-29,Nebraska,31,138,2,3
1473,2020-03-29,Nevada,32,920,15,3
1474,2020-03-29,New Hampshire,33,258,3,3
1475,2020-03-29,New Jersey,34,13386,161,3
1476,2020-03-29,New Mexico,35,237,2,3
1477,2020-03-29,New York,36,59783,1180,3
1505,2020-03-30,Connecticut,9,2571,36,3
1507,2020-03-30,District of Columbia,11,401,9,3
1574,2020-03-31,Maine,23,303,5,3
1535,2020-03-30,Northern Mariana Islands,69,2,0,3
1537,2020-03-30,Oklahoma,40,481,17,3
1538,2020-03-30,Oregon,41,607,16,3
1539,2020-03-30,Pennsylvania,42,4156,48,3
1540,2020-03-30,Puerto Rico,72,174,6,3
1541,2020-03-30,Rhode Island,44,408,4,3
1542,2020-03-30,South Carolina,45,925,18,3
1543,2020-03-30,South Dakota,46,100,1,3
1544,2020-03-30,Tennessee,47,1721,13,3
1545,2020-03-30,Texas,48,3065,46,3
1546,2020-03-30,Utah,49,806,4,3
1547,2020-03-30,Vermont,50,256,12,3
1548,2020-03-30,Virgin Islands,78,30,0,3
1549,2020-03-30,Virginia,51,1020,26,3
1550,2020-03-30,Washington,53,5180,221,3
1551,2020-03-30,West Virginia,54,145,1,3
1552,2020-03-30,Wisconsin,55,1269,20,3
1553,2020-03-30,Wyoming,56,96,0,3
1554,2020-03-31,Alabama,1,999,14,3
1555,2020-03-31,Alaska,2,133,2,3
1556,2020-03-31,Arizona,4,1298,24,3
1557,2020-03-31,Arkansas,5,564,8,3
1558,2020-03-31,California,6,8583,184,3
1559,2020-03-31,Colorado,8,2990,69,3
1536,2020-03-30,Ohio,39,1933,40,3
1534,2020-03-30,North Dakota,38,109,3,3
1508,2020-03-30,Florida,12,5695,72,3
1533,2020-03-30,North Carolina,37,1303,6,3
1510,2020-03-30,Guam,66,60,1,3
1511,2020-03-30,Hawaii,15,204,0,3
1512,2020-03-30,Idaho,16,415,7,3
1513,2020-03-30,Illinois,17,5070,84,3
1514,2020-03-30,Indiana,18,1797,44,3
1515,2020-03-30,Iowa,19,424,6,3
1516,2020-03-30,Kansas,20,374,9,3
1517,2020-03-30,Kentucky,21,480,11,3
1518,2020-03-30,Louisiana,22,4024,186,3
1519,2020-03-30,Maine,23,275,3,3
1520,2020-03-30,Maryland,24,1415,15,3
1521,2020-03-30,Massachusetts,25,5752,56,3
1522,2020-03-30,Michigan,26,6508,197,3
1523,2020-03-30,Minnesota,27,576,10,3
1524,2020-03-30,Mississippi,28,848,16,3
1525,2020-03-30,Missouri,29,1049,13,3
1526,2020-03-30,Montana,30,177,4,3
1527,2020-03-30,Nebraska,31,185,3,3
1528,2020-03-30,Nevada,32,1044,18,3
1529,2020-03-30,New Hampshire,33,314,3,3
1530,2020-03-30,New Jersey,34,16636,199,3
1531,2020-03-30,New Mexico,35,282,4,3
1532,2020-03-30,New York,36,67504,1512,3
1573,2020-03-31,Louisiana,22,5237,240,3
1563,2020-03-31,Florida,12,6742,85,3
1575,2020-03-31,Maryland,24,1662,18,3
1433,2020-03-28,South Dakota,46,68,1,3
1422,2020-03-28,New York,36,53517,935,3
1423,2020-03-28,North Carolina,37,972,4,3
1424,2020-03-28,North Dakota,38,93,1,3
1425,2020-03-28,Northern Mariana Islands,69,2,0,3
1426,2020-03-28,Ohio,39,1406,25,3
1427,2020-03-28,Oklahoma,40,377,15,3
1428,2020-03-28,Oregon,41,480,13,3
1429,2020-03-28,Pennsylvania,42,2815,35,3
1430,2020-03-28,Puerto Rico,72,100,3,3
1431,2020-03-28,Rhode Island,44,239,2,3
1432,2020-03-28,South Carolina,45,661,15,3
1434,2020-03-28,Tennessee,47,1363,6,3
1447,2020-03-29,Arkansas,5,449,6,3
1435,2020-03-28,Texas,48,2381,30,3
1576,2020-03-31,Massachusetts,25,6620,89,3
1437,2020-03-28,Vermont,50,211,12,3
1438,2020-03-28,Virgin Islands,78,19,0,3
1439,2020-03-28,Virginia,51,739,17,3
1440,2020-03-28,Washington,53,4311,193,3
1441,2020-03-28,West Virginia,54,113,0,3
1442,2020-03-28,Wisconsin,55,1042,17,3
1443,2020-03-28,Wyoming,56,85,0,3
1444,2020-03-29,Alabama,1,830,5,3
1445,2020-03-29,Alaska,2,114,2,3
1421,2020-03-28,New Mexico,35,210,2,3
1420,2020-03-28,New Jersey,34,11124,140,3
1419,2020-03-28,New Hampshire,33,214,2,3
1418,2020-03-28,Nevada,32,738,14,3
1395,2020-03-28,Connecticut,9,1524,33,3
1396,2020-03-28,Delaware,10,214,5,3
1397,2020-03-28,District of Columbia,11,304,4,3
1398,2020-03-28,Florida,12,4038,56,3
1399,2020-03-28,Georgia,13,2447,79,3
1400,2020-03-28,Guam,66,57,1,3
1401,2020-03-28,Hawaii,15,151,0,3
1402,2020-03-28,Idaho,16,262,5,3
1403,2020-03-28,Illinois,17,3547,50,3
1404,2020-03-28,Indiana,18,1239,38,3
1405,2020-03-28,Iowa,19,298,3,3
1406,2020-03-28,Kansas,20,272,6,3
1407,2020-03-28,Kentucky,21,394,9,3
1408,2020-03-28,Louisiana,22,3315,137,3
1409,2020-03-28,Maine,23,211,1,3
1410,2020-03-28,Maryland,24,1066,10,3
1411,2020-03-28,Massachusetts,25,4257,44,3
1412,2020-03-28,Michigan,26,4634,112,3
1413,2020-03-28,Minnesota,27,442,5,3
1414,2020-03-28,Mississippi,28,669,13,3
1415,2020-03-28,Missouri,29,837,11,3
1416,2020-03-28,Montana,30,147,1,3
1417,2020-03-28,Nebraska,31,122,2,3
1446,2020-03-29,Arizona,4,930,18,3
1436,2020-03-28,Utah,49,608,2,3
1448,2020-03-29,California,6,6321,132,3
1601,2020-03-31,Utah,49,887,5,3
1599,2020-03-31,Tennessee,47,2049,13,3
1598,2020-03-31,South Dakota,46,107,1,3
1597,2020-03-31,South Carolina,45,1083,22,3
1596,2020-03-31,Rhode Island,44,488,8,3
1595,2020-03-31,Puerto Rico,72,239,8,3
1594,2020-03-31,Pennsylvania,42,4997,72,3
1593,2020-03-31,Oregon,41,690,18,3
1592,2020-03-31,Oklahoma,40,566,23,3
1591,2020-03-31,Ohio,39,2199,55,3
1449,2020-03-29,Colorado,8,2315,47,3
1589,2020-03-31,North Dakota,38,126,3,3
1588,2020-03-31,North Carolina,37,1527,10,3
1587,2020-03-31,New York,36,76211,1929,3
1586,2020-03-31,New Mexico,35,315,5,3
1585,2020-03-31,New Jersey,34,18696,267,3
1584,2020-03-31,New Hampshire,33,367,3,3
1583,2020-03-31,Nevada,32,1113,26,3
1582,2020-03-31,Nebraska,31,199,4,3
1581,2020-03-31,Montana,30,198,5,3
1580,2020-03-31,Missouri,29,1350,15,3
1579,2020-03-31,Mississippi,28,937,20,3
1578,2020-03-31,Minnesota,27,629,12,3
1577,2020-03-31,Michigan,26,7629,264,3
1600,2020-03-31,Texas,48,3588,57,3
1590,2020-03-31,Northern Mariana Islands,69,2,0,3
1602,2020-03-31,Vermont,50,293,13,3
1460,2020-03-29,Iowa,19,336,4,3
1603,2020-03-31,Virgin Islands,78,30,0,3
1451,2020-03-29,Delaware,10,232,6,3
1452,2020-03-29,District of Columbia,11,342,5,3
1453,2020-03-29,Florida,12,4943,60,3
1454,2020-03-29,Georgia,13,2683,83,3
1455,2020-03-29,Guam,66,58,1,3
1456,2020-03-29,Hawaii,15,175,0,3
1457,2020-03-29,Idaho,16,310,6,3
1458,2020-03-29,Illinois,17,4615,71,3
1459,2020-03-29,Indiana,18,1522,40,3
1450,2020-03-29,Connecticut,9,1993,34,3
1461,2020-03-29,Kansas,20,333,7,3
1608,2020-03-31,Wyoming,56,121,0,3
1462,2020-03-29,Kentucky,21,439,9,3
1605,2020-03-31,Washington,53,5293,226,3
1606,2020-03-31,West Virginia,54,162,1,3
1607,2020-03-31,Wisconsin,55,1351,25,3
1604,2020-03-31,Virginia,51,1249,27,3
1466,2020-03-29,Massachusetts,25,4955,48,3
1465,2020-03-29,Maryland,24,1244,11,3
1464,2020-03-29,Maine,23,253,3,3
1463,2020-03-29,Louisiana,22,3539,153,3
